Id,FirstName,LastName,Email,StreetAddress,City,State,Zip
1,Ryan,John,jryan@gmail.com,123 W Main St,Spokane,WA,99201
2,Latimer,Jerett,jlatimer@gmail.com,321 W Monroe St,Spokane,WA,99201
3,Smith,Jackie,jsmith@yahoo.com,1221 E Division St,Spokane,WA,99201
4,Mason,Luke,lukieboi@gmail.com,1992 W 5th St,Spokane,WA,99201
5,Moore,Randy,rmoore41@gmail.com,4323 S Washington Way,Spokane,WA,99201
6,Payne,Trevor,bringthepayne@gmail.com,698 E Mary Way,Spokane,WA,99201
7,Best,Aaron,abest@eagles.ewu.edu,4433 Eagle Way,Spokane,WA,99201
