Id,FirstName,LastName,Email,StreetAddress,City,State,Zip
17,Sancho,Mahony,smahonyg@stanford.edu,90 Birchwood Street,Las Vegas,NV,36230
18,Iggy,Baughen,ibaughenh@addthis.com,95574 Pond Crossing,Winston Salem,NC,76871
19,Fayette,Dougherty,fdoughertyi@stanford.edu,6487 Pepper Wood Court,Spokane,WA,99021
20,Chelsy,Buckle,cbucklej@tiny.cc,38 Talisman Hill,Jacksonville,FL,57619
1,Priscilla,Jenyns,pjenyns0@state.gov,7884 Corry Way,Helena,MT,70577
2,Karin,Joder,kjoder1@quantcast.com,03594 Florence Park,Tampa,FL,71961
3,Chadd,Stennine,cstennine2@wired.com,94148 Kings Terrace,Long Beach,CA,59721
43,Joellen,Mullany,jmullany16@eepurl.com,2721 Morningstar Street,Lees Summit,MO,63478
48,Constantia,Sogg,csogg1b@list-manage.com,6217 Amoth Road,Gaithersburg,MD,79967
49,Arthur,Myles,amyles1c@miibeian.gov.cn,4718 Thackeray Pass,Mobile,AL,37308
50,Claudell,Leathe,cleathe1d@columbia.edu,30262 Steensland Way,Newport News,VA,87930
4,Fremont,Pallaske,fpallaske3@umich.edu,16958 Forster Crossing,Atlanta,GA,10687
5,Melisa,Kerslake,mkerslake4@dion.ne.jp,283 Pawling Parkway,Dallas,TX,88632
6,Darline,Brauner,dbrauner5@biglobe.ne.jp,33 Menomonie Trail,Atlanta,GA,10687
30,Stern,Aucutt,saucuttt@live.com,979 Magdeline Way,Washington,DC,61975
31,Ev,Challace,echallaceu@nasa.gov,577 Arkansas Parkway,San Diego,CA,92805
32,Bernette,Felstead,bfelsteadv@ycombinator.com,18 Center Point,San Diego,CA,69152
10,Scarface,Dennington,sdennington9@chron.com,9978 Maple Wood Parkway,Memphis,TN,99928
11,Henri,Dorr,hdorra@exblog.jp,2646 Hazelcrest Road,San Francisco,CA,40486
